Data Import Template,,,,,,,,,,,,,,,,,,,,,,,,
Table:,Lead,,,,,,,,,,,,,,,,,,,,,,,
,,,,,,,,,,,,,,,,,,,,,,,,
,,,,,,,,,,,,,,,,,,,,,,,,
Notes:,,,,,,,,,,,,,,,,,,,,,,,,
Please do not change the template headings.,,,,,,,,,,,,,,,,,,,,,,,,
First data column must be blank.,,,,,,,,,,,,,,,,,,,,,,,,
Only mandatory fields are necessary for new records. You can delete non-mandatory columns if you wish.,,,,,,,,,,,,,,,,,,,,,,,,
"For updating, you can update only selective columns.",,,,,,,,,,,,,,,,,,,,,,,,
"If you are uploading new records, leave the ""name"""" (ID) column blank.""",,,,,,,,,,,,,,,,,,,,,,,,
"If you are uploading new records, ""Naming Series"""" becomes mandatory"," if present.""",,,,,,,,,,,,,,,,,,,,,,,
You can only upload upto 5000 records in one go. (may be less in some cases),,,,,,,,,,,,,,,,,,,,,,,,
,,,,,,,,,,,,,,,,,,,,,,,,
Column Labels,ID,Contact Name,Status,Naming Series,Company Name,Email Id,Source,From Customer,Campaign Name,Phone,Mobile No.,Fax,Website,Territory,Lead Type,Lead Owner,Market Segment,Industry,Request Type,Next Contact By,Next Contact Date,Company,Unsubscribed,Blog Subscriber
Column Name:,name,lead_name,status,naming_series,company_name,email_id,source,customer,campaign_name,phone,mobile_no,fax,website,territory,type,lead_owner,market_segment,industry,request_type,contact_by,contact_date,company,unsubscribed,blog_subscriber
Mandatory:,Yes,Yes,Yes,No,No,No,No,No,No,No,No,No,No,No,No,No,No,No,No,No,No,No,No,No
Type:,Data (text),Data,Select,Select,Data,Data,Select,Link,Link,Data,Data,Data,Data,Link,Select,Link,Select,Link,Select,Link,Date,Link,Check,Check
Info:,,,"Lead, Open, Replied, Opportunity, Interested, Converted, Do Not Contact","One of: LEAD, LEAD/10-11/, LEAD/MUMBAI/",,,"One of: Advertisement, Blog Post, Campaign, Call, Customer, Exhibition, Supplier, Website, Email",Valid Customer,Valid Campaign,,,,,Valid Territory,"One of: Client, Channel Partner, Consultant",Valid Profile,"One of: Lower Income, Middle Income, Upper Income",Valid Industry Type,"One of: Product Enquiry, Request for Information, Suggestions, Other",Valid Profile,,Valid Company,0 or 1,0 or 1
Start entering data below this line,,,,,,,,,,,,,,,,,,,,,,,,
,,Mart Lakeman,Lead,,Zany Brainy,MartLakeman@einrot.com,,,,,,,,,,,,,,,,,,
,,Saga Lundqvist,Lead,,Patterson-Fletcher,SagaLundqvist@dayrep.com,,,,,,,,,,,,,,,,,,
,,Adna Sjöberg,Lead,,Griff's Hamburgers,AdnaSjoberg@gustr.com,,,,,,,,,,,,,,,,,,
,,Ida Svendsen,Lead,,Rhodes Furniture,IdaDSvendsen@superrito.com,,,,,,,,,,,,,,,,,,
,,Emppu Hämeenniemi,Lead,,Burger Chef,EmppuHameenniemi@teleworm.us,,,,,,,,,,,,,,,,,,
,,Eugenio Pisano,Lead,,Stratabiz,EugenioPisano@cuvox.de,,,,,,,,,,,,,,,,,,
,,Semhar Hagos,Lead,,Home Quarters Warehouse,SemharHagos@einrot.com,,,,,,,,,,,,,,,,,,
,,Branimira Ivanković,Lead,,Enviro Architectural Designs,BranimiraIvankovic@einrot.com,,,,,,,,,,,,,,,,,,
,,Shelly Fields,Lead,,Ideal Garden Management,ShellyLFields@superrito.com,,,,,,,,,,,,,,,,,,
,,Leo Mikulić,Lead,,Listen Up,LeoMikulic@gustr.com,,,,,,,,,,,,,,,,,,
,,Denisa Jarošová,Lead,,I. Magnin,DenisaJarosova@teleworm.us,,,,,,,,,,,,,,,,,,
,,Janek Rutkowski,Lead,,First Rate Choice,JanekRutkowski@dayrep.com,,,,,,,,,,,,,,,,,,
,,美月 宇藤,Lead,,Multi Tech Development,mm@gustr.com,,,,,,,,,,,,,,,,,,
,,Даниил Афанасьев,Lead,,National Auto Parts,dd@einrot.com,,,,,,,,,,,,,,,,,,
,,Zorislav Petković,Lead,,Integra Investment Plan,ZorislavPetkovic@cuvox.de,,,,,,,,,,,,,,,,,,
,,Nanao Niwa,Lead,,The Lawn Guru,NanaoNiwa@superrito.com,,,,,,,,,,,,,,,,,,
,,Hreiðar Jörundsson,Lead,,Buena Vista Realty Service,HreiarJorundsson@armyspy.com,,,,,,,,,,,,,,,,,,
,,Lai Chu,Lead,,Bountiful Harvest Health Food Store,ChuThiBichLai@einrot.com,,,,,,,,,,,,,,,,,,
,,Victor Aksakov,Lead,,P. Samuels Men's Clothiers,VictorAksakov@dayrep.com,,,,,,,,,,,,,,,,,,
,,Saidalim Bisliev,Lead,,Vinyl Fever,SaidalimBisliev@cuvox.de,,,,,,,,,,,,,,,,,,
,,Totte Jakobsson,Lead,,Garden Master,TotteJakobsson@armyspy.com,,,,,,,,,,,,,,,,,,
,,Naná Armas,Lead,,Big Apple,NanaArmasRobles@cuvox.de,,,,,,,,,,,,,,,,,,
,,Walerian Duda,Lead,,Monk House Sales,WalerianDuda@dayrep.com,,,,,,,,,,,,,,,,,,
,,Moarimikashi ,Lead,,ManCharm,Moarimikashi@teleworm.us,,,,,,,,,,,,,,,,,,
,,Dobromił Dąbrowski ,Lead,,Custom Lawn Care,DobromilDabrowski@dayrep.com,,,,,,,,,,,,,,,,,,
,,Teigan Sinclair,Lead,,The Serendipity Dip,TeiganSinclair@gustr.com,,,,,,,,,,,,,,,,,,
,,Fahad Guirguis,Lead,,Cavages,FahadSaidGuirguis@gustr.com,,,,,,,,,,,,,,,,,,
,,Morten Olsen,Lead,,Gallenkamp,MortenJOlsen@armyspy.com,,,,,,,,,,,,,,,,,,
,,Christian Baecker,Lead,,Webcom Business Services,ChristianBaecker@armyspy.com,,,,,,,,,,,,,,,,,,
,,Sebastianus Dohmen,Lead,,Accord Investments,SebastianusDohmen@cuvox.de,,,,,,,,,,,,,,,,,,
,,Eero Koskinen,Lead,,American Appliance,EeroKoskinen@superrito.com,,,,,,,,,,,,,,,,,,
,,富奎 盧,Lead,,Bettendorf's,LuFuKui@teleworm.us,,,,,,,,,,,,,,,,,,
,,Milica Jelić,Lead,,House Of Denmark,MilicaJelic@dayrep.com,,,,,,,,,,,,,,,,,,
,,Barbora Holubová,Lead,,10000 Auto Parts,BarboraHolubova@cuvox.de,,,,,,,,,,,,,,,,,,
,,Marta Kos,Lead,,Mages,MartaKos@einrot.com,,,,,,,,,,,,,,,,,,
,,Simret Zula,Lead,,CSK Auto,SimretZula@cuvox.de,,,,,,,,,,,,,,,,,,
,,Kamil Chlubna,Lead,,Eagle Hardware & Garden,KamilChlubna@einrot.com,,,,,,,,,,,,,,,,,,
,,Aceline Bolduc,Lead,,Rustler Steak House,AcelineBolduc@armyspy.com,,,,,,,,,,,,,,,,,,
,,Lucie Stupková,Lead,,ABCO Foods,LucieStupkova@gustr.com,,,,,,,,,,,,,,,,,,
,,Roland Solvik,Lead,,Trak Auto,RolandSolvik@cuvox.de,,,,,,,,,,,,,,,,,,
,,Mekirinzukushitakufu ,Lead,,Choices,Mekirinzukushitakufu@teleworm.us,,,,,,,,,,,,,,,,,,
,,Mukharbek Sultanovich,Lead,,Megatronic,MukharbekSultanovich@cuvox.de,,,,,,,,,,,,,,,,,,
,,Osman Amanuel,Lead,,Handy Dan,OsmanAmanuel@dayrep.com,,,,,,,,,,,,,,,,,,
,,幸子 阪部,Lead,,Channel Home Centers,dd@armyspy.com,,,,,,,,,,,,,,,,,,
,,Masakazu Kamitani,Lead,,Honest Air Group,MasakazuKamitani@superrito.com,,,,,,,,,,,,,,,,,,
,,Omran Sabbagh,Lead,,Pleasures and Pasttimes,OmranNuhaidSabbagh@einrot.com,,,,,,,,,,,,,,,,,,
,,Rikako Matsumura,Lead,,Lazysize,RikakoMatsumura@einrot.com,,,,,,,,,,,,,,,,,,
,,Anayolisa Chukwukadibia,Lead,,Prestiga-Biz,AnayolisaChukwukadibia@einrot.com,,,,,,,,,,,,,,,,,,
,,Gudmunda Hinna,Lead,,Childs Restaurants,GudmundaHinna@armyspy.com,,,,,,,,,,,,,,,,,,